{"count":1,"gauges":{},"self":10.261972799999999,"total":10.2823756,"children":{"AgentSendState":{"count":149,"self":0,"total":0.008121,"children":{"CollectObservations":{"count":30,"self":0.008121,"total":0.008121,"children":null}}},"DecideAction":{"count":149,"self":0.00075959999999999992,"total":0.00075959999999999992,"children":null},"AgentAct":{"count":149,"self":0.0105246,"total":0.0105246,"children":null}}}