{"count":1,"gauges":{},"self":59.463641599999995,"total":60.400265999999995,"children":{"AgentSendState":{"count":2958,"self":0.132325,"total":0.469922,"children":{"CollectObservations":{"count":592,"self":0.337597,"total":0.337597,"children":null}}},"DecideAction":{"count":2958,"self":0.072256,"total":0.072256,"children":null},"AgentAct":{"count":2958,"self":0.39257,"total":0.39257,"children":null}}}