{"count":1,"gauges":{},"self":130.66929919999998,"total":130.86177139999998,"children":{"AgentSendState":{"count":6514,"self":0.0262288,"total":0.06411,"children":{"CollectObservations":{"count":1303,"self":0.0378812,"total":0.0378812,"children":null}}},"DecideAction":{"count":6514,"self":0.0096333,"total":0.0096333,"children":null},"AgentAct":{"count":6514,"self":0.1177352,"total":0.1177352,"children":null}}}