{"count":1,"gauges":{},"self":0.058878299999999995,"total":0.0598757,"children":null}