{"count":1,"gauges":{},"self":35.0889664,"total":35.532576,"children":{"AgentSendState":{"count":1480,"self":0.064334,"total":0.22058,"children":{"CollectObservations":{"count":296,"self":0.156246,"total":0.156246,"children":null}}},"DecideAction":{"count":1480,"self":0.034885,"total":0.034885,"children":null},"AgentAct":{"count":1480,"self":0.18640099999999998,"total":0.18640099999999998,"children":null}}}