{"count":1,"gauges":{},"self":2.832684,"total":2.8651269999999998,"children":{"AgentSendState":{"count":131,"self":0.0074399999999999996,"total":0.01401,"children":{"CollectObservations":{"count":27,"self":0.0065699999999999995,"total":0.0065699999999999995,"children":null}}},"DecideAction":{"count":131,"self":0.003629,"total":0.003629,"children":null},"AgentAct":{"count":131,"self":0.01375,"total":0.01375,"children":null}}}