{"count":1,"gauges":{},"self":32.5909536,"total":33.17358,"children":{"AgentSendState":{"count":1637,"self":0.081177,"total":0.27968499999999996,"children":{"CollectObservations":{"count":328,"self":0.198508,"total":0.198508,"children":null}}},"DecideAction":{"count":1637,"self":0.043720999999999996,"total":0.043720999999999996,"children":null},"AgentAct":{"count":1637,"self":0.258229,"total":0.258229,"children":null}}}