{"count":1,"gauges":{},"self":15.237134399999999,"total":15.321648999999999,"children":{"AgentSendState":{"count":750,"self":0.012138999999999999,"total":0.026341999999999997,"children":{"CollectObservations":{"count":150,"self":0.014202999999999999,"total":0.014202999999999999,"children":null}}},"DecideAction":{"count":750,"self":0.0031639999999999997,"total":0.0031639999999999997,"children":null},"AgentAct":{"count":750,"self":0.053392999999999996,"total":0.053392999999999996,"children":null}}}