{"count":1,"gauges":{"Baby.CumulativeReward":{"count":7,"max":0,"min":0,"value":0,"weightedAverage":0}},"self":2979.7005311999997,"total":2986.853126,"children":{"AgentSendState":{"count":35827,"self":1.7343169999999999,"total":2.528299,"children":{"CollectObservations":{"count":7166,"self":0.793982,"total":0.793982,"children":null}}},"DecideAction":{"count":35827,"self":0.95309899999999992,"total":0.95309899999999992,"children":null},"AgentAct":{"count":35827,"self":3.6702888,"total":3.670289,"children":null}}}