{"count":1,"gauges":{},"self":34.4789984,"total":35.12386,"children":{"AgentSendState":{"count":1742,"self":0.34251,"total":0.38831099999999996,"children":{"CollectObservations":{"count":349,"self":0.045800999999999994,"total":0.045800999999999994,"children":null}}},"DecideAction":{"count":1742,"self":0.078835,"total":0.078835,"children":null},"AgentAct":{"count":1742,"self":0.176778,"total":0.176778,"children":null}}}