{"count":1,"gauges":{},"self":17.278892799999998,"total":17.379576999999998,"children":{"AgentSendState":{"count":851,"self":0.013026999999999999,"total":0.028182,"children":{"CollectObservations":{"count":171,"self":0.015155,"total":0.015155,"children":null}}},"DecideAction":{"count":851,"self":0.0033239999999999997,"total":0.0033239999999999997,"children":null},"AgentAct":{"count":851,"self":0.067068,"total":0.067068,"children":null}}}